Variable,satisfaction_flexible_working,good_wl_balance,org_committed_wlb,manager_flexible_working
satisfaction_flexible_working,1.0,0.8615639485136449,0.8958683148800823,0.9503498647159625
good_wl_balance,0.8615639485136449,1.0,0.9707017826681467,0.8681381588483551
org_committed_wlb,0.8958683148800823,0.9707017826681467,1.0,0.8987197556770997
manager_flexible_working,0.9503498647159625,0.8681381588483551,0.8987197556770997,1.0
